{"cameraMode":{"drawMode":0,"name":"Shaded","section":"Shading Mode"},"sceneLighting":true,"audioPlay":false,"sceneViewState":{"m_AlwaysRefresh":false,"showFog":true,"showSkybox":false,"showFlares":true,"showImageEffects":true,"showParticleSystems":true,"showVisualEffectGraphs":true,"m_FxEnabled":true},"in2DMode":false,"pivot":{"x":0.07073207199573517,"y":0.5974634885787964,"z":3.667262315750122},"rotation":{"x":0.37808915972709658,"y":0.0563577301800251,"z":-0.023077627643942834,"w":0.9237412810325623},"size":4.485955715179443,"orthographic":false}