{"cameraMode":{"drawMode":0,"name":"Shaded","section":"Shading Mode"},"sceneLighting":true,"audioPlay":false,"sceneViewState":{"m_AlwaysRefresh":false,"showFog":true,"showSkybox":false,"showFlares":true,"showImageEffects":true,"showParticleSystems":true,"showVisualEffectGraphs":true,"m_FxEnabled":true},"in2DMode":false,"pivot":{"x":3.172671318054199,"y":1.4919300079345704,"z":15.766654968261719},"rotation":{"x":0.37182337045669558,"y":0.010617475025355816,"z":-0.004257367458194494,"w":0.9282268285751343},"size":6.119826316833496,"orthographic":false}