{"cameraMode":{"drawMode":0,"name":"Shaded","section":"Shading Mode"},"sceneLighting":true,"audioPlay":false,"sceneViewState":{"m_AlwaysRefresh":false,"showFog":true,"showSkybox":false,"showFlares":true,"showImageEffects":true,"showParticleSystems":true,"showVisualEffectGraphs":true,"m_FxEnabled":true},"in2DMode":false,"pivot":{"x":-0.4776470959186554,"y":8.453716278076172,"z":2.1605074405670168},"rotation":{"x":0.31150588393211367,"y":0.08170447498559952,"z":-0.0269025731831789,"w":0.9463387727737427},"size":0.012009255588054657,"orthographic":false}