{"cameraMode":{"drawMode":0,"name":"Shaded","section":"Shading Mode"},"sceneLighting":true,"audioPlay":false,"sceneViewState":{"m_AlwaysRefresh":false,"showFog":true,"showSkybox":false,"showFlares":true,"showImageEffects":true,"showParticleSystems":true,"showVisualEffectGraphs":true,"m_FxEnabled":true},"in2DMode":false,"pivot":{"x":2.5125656127929689,"y":-0.3347950279712677,"z":5.0653300285339359},"rotation":{"x":-0.25100964307785036,"y":-0.46389710903167727,"z":0.13895149528980256,"w":-0.838116466999054},"size":1.9923667907714844,"orthographic":false}